{
  "project_info": {
    "project_number": "822566427355",
    "project_id": "tuntas-todolist",
    "storage_bucket": "tuntas-todolist.firebasestorage.app"
  },
  "client": [
    {
      "client_info": {
        "mobilesdk_app_id": "1:822566427355:android:c4140420ef714a5fe98afe",
        "android_client_info": {
          "package_name": "com.example.todolist"
        }
      },
      "oauth_client": [],
      "api_key": [
        {
          "current_key": "AIzaSyBW_wNDvSIwjTC-1eNDObQj_Lg9y_aJ44s"
        }
      ],
      "services": {
        "appinvite_service": {
          "other_platform_oauth_client": []
        }
      }
    }
  ],
  "configuration_version": "1"
}